"","time","hr","phase"
"1",1383.47836995,83,1
"2",1385.47839999,83,1
"3",1390.47839999,83,1
"4",1395.47839999,83,1
"5",1400.47839999,83,1
"6",1406.47839999,84,1
"7",1411.47839999,84,1
"8",1416.47839999,84,1
"9",1421.47839999,84,1
"10",1426.47839999,84,1
"11",1431.47836995,82,1
"12",1438.47839999,81,1
"13",1442.47839999,82,1
"14",1447.47836995,82,1
"15",1452.47839999,82,1
"16",1459.47836995,82,1
"17",1463.47839999,82,1
"18",1468.47836995,82,1
"19",1473.47839999,81,1
"20",1478.47836995,82,1
"21",1484.47839999,83,1
"22",1489.47839999,83,1
"23",1496.47839999,83,1
"24",1500.47839999,83,2
"25",1505.47839999,84,2
"26",1510.47839999,83,2
"27",1516.47839999,83,2
"28",1521.47836995,83,2
"29",1526.47839999,83,2
"30",1531.47839999,82,2
"31",1536.47839999,81,2
"32",1541.47839999,82,2
"33",1546.47836995,82,2
"34",1551.47839999,82,2
"35",1556.47839999,82,2
"36",1561.47836995,81,2
"37",1566.47839999,82,2
"38",1572.47839999,85,2
"39",1577.47839999,84,2
"40",1582.47839999,85,2
"41",1587.47839999,86,2
"42",1592.47839999,85,2
"43",1597.47839999,85,2
"44",1606.47839999,85,2
"45",1607.47839999,84,2
"46",1612.47839999,84,2
"47",1618.47839999,82,2
"48",1623.47839999,83,2
"49",1628.47839999,82,2
"50",1634.47839999,80,2
"51",1639.47839999,81,2
"52",1644.47839999,79,2
"53",1650.47839999,80,2
"54",1655.47839999,85,2
"55",1660.47836995,81,2
"56",1665.47839999,80,2
"57",1671.47839999,80,2
"58",1675.47839999,81,2
"59",1680.47836995,79,2
"60",1685.47839999,78,2
"61",1690.47836995,80,2
"62",1695.47836995,82,2
"63",1700.47836995,84,2
"64",1705.47839999,85,2
"65",1710.47839999,87,2
"66",1715.47839999,87,2
"67",1721.47839999,83,2
"68",1725.47839999,82,2
"69",1730.47839999,84,2
"70",1739.47839999,83,2
"71",1740.47839999,82,2
"72",1745.47836995,82,2
"73",1750.47839999,81,2
"74",1755.47836995,80,2
"75",1760.47839999,80,2
"76",1765.47836995,80,2
"77",1770.47839999,80,2
"78",1776.47836995,79,2
"79",1781.47836995,80,2
"80",1786.47839999,82,2
"81",1795.47836995,81,2
"82",1798.47839999,79,2
"83",1803.47526002,81,2
"84",1809.47522998,82,2
"85",1814.47526002,82,2
"86",1819.47526002,82,2
"87",1824.47522998,80,2
"88",1829.47526002,82,2
"89",1834.47526002,83,2
"90",1839.47526002,83,2
"91",1844.47526002,83,2
"92",1850.47526002,83,2
"93",1855.47526002,81,2
"94",1860.47526002,82,2
"95",1865.47522998,81,2
"96",1870.47526002,81,2
"97",1875.47522998,81,2
"98",1880.47526002,80,2
"99",1885.47526002,80,2
"100",1890.47522998,81,2
"101",1895.47526002,81,2
"102",1901.47526002,81,2
"103",1906.47526002,82,2
"104",1912.47526002,85,2
"105",1917.47526002,85,2
"106",1922.47526002,85,2
"107",1927.47526002,79,2
"108",1933.47526002,80,2
"109",1938.47522998,80,2
"110",1943.47526002,80,2
"111",1948.47526002,82,2
"112",1953.47526002,83,2
"113",1958.47526002,83,2
"114",1964.47526002,84,2
"115",1969.47526002,83,2
"116",1979.47526002,81,2
"117",1980.47522998,81,2
"118",1985.47522998,81,2
"119",1990.47522998,81,2
"120",1995.47526002,82,2
"121",2000.47526002,83,2
"122",2005.47526002,82,2
"123",2010.47526002,83,2
"124",2015.47526002,85,2
"125",2020.47526002,84,2
"126",2025.47526002,82,2
"127",2030.47522998,82,2
"128",2035.47526002,82,2
"129",2042.47526002,82,3
"130",2045.47526002,82,3
"131",2050.47526002,80,3
"132",2055.47526002,82,3
"133",2060.47522998,82,3
"134",2065.47526002,83,3
"135",2070.47526002,83,3
"136",2075.47522998,83,3
"137",2080.47526002,83,3
"138",2085.47526002,83,3
"139",2090.47526002,82,3
"140",2096.47526002,82,3
"141",2101.47526002,82,3
"142",2106.47522998,84,3
"143",2111.47526002,85,3
"144",2117.47522998,85,3
"145",2122.47526002,85,3
"146",2127.47522998,84,3
"147",2133.47522998,81,3
"148",2137.47522998,81,3
"149",2142.47526002,81,3
"150",2148.47526002,82,3
"151",2154.47522998,83,3
"152",2159.47526002,83,3
"153",2164.47526002,85,3
"154",2169.47526002,84,3
"155",2174.47526002,84,3
"156",2179.47526002,83,3
"157",2185.47526002,84,3
"158",2190.47526002,84,3
"159",2195.47526002,84,3
"160",2200.47526002,84,3
"161",2206.47526002,84,3
"162",2212.47526002,84,3
"163",2217.47526002,86,3
"164",2222.47526002,86,3
"165",2232.47526002,86,3
"166",2238.47526002,86,3
"167",2239.47522998,86,3
"168",2244.47526002,85,3
"169",2249.47526002,85,3
"170",2256.47526002,85,3
"171",2261.47526002,85,3
"172",2266.47526002,85,3
"173",2271.47526002,85,3
"174",2276.47526002,86,3
"175",2281.47522998,85,3
"176",2286.47522998,84,3
"177",2291.47526002,85,3
"178",2296.47522998,84,3
"179",2301.47526002,84,3
"180",2306.47526002,84,3
"181",2312.47526002,84,3
"182",2317.47522998,84,3
"183",2322.47526002,84,3
"184",2327.47526002,84,3
"185",2332.47526002,84,3
"186",2337.47526002,85,3
"187",2343.47526002,86,3
"188",2348.47526002,86,3
"189",2353.47522998,86,3
"190",2358.47526002,86,3
"191",2363.47526002,86,3
"192",2368.47522998,85,3
"193",2373.47526002,85,3
"194",2378.47526002,84,3
"195",2383.47522998,84,3
"196",2388.47526002,84,3
"197",2393.47526002,84,3
"198",2399.47526002,85,3
"199",2404.47526002,86,3
"200",2409.47526002,83,3
"201",2415.47526002,85,3
"202",2420.47522998,85,3
"203",2428.47526002,85,3
"204",2430.47526002,85,3
"205",2435.47526002,87,3
"206",2441.47526002,86,3
"207",2446.47526002,84,3
"208",2451.47522998,84,3
"209",2456.47522998,84,3
"210",2464.47522998,86,3
"211",2467.47526002,86,3
"212",2472.47526002,86,3
"213",2478.47526002,85,3
"214",2484.47522998,85,3
"215",2489.47526002,85,3
"216",2495.47526002,85,3
"217",2501.47526002,86,3
"218",2506.47526002,86,3
"219",2512.47522998,84,3
"220",2517.47526002,85,3
"221",2522.47526002,85,3
"222",2527.47526002,85,3
"223",2532.47526002,85,3
"224",2537.47522998,85,3
"225",2542.47526002,85,3
"226",2548.47526002,85,3
"227",2555.47526002,85,3
"228",2558.47526002,85,3
"229",2563.47526002,85,3
"230",2568.47526002,85,3
"231",2573.47526002,86,3
"232",2578.47526002,85,3
"233",2583.47526002,84,3
"234",2589.47526002,84,3
"235",2594.47522998,84,3
"236",2599.47522998,84,3
"237",2604.47522998,84,3
"238",2609.47526002,85,3
"239",2614.47522998,84,3
"240",2619.47526002,85,3
"241",2624.47526002,84,3
"242",2633.47526002,85,3
"243",2634.47526002,85,3
"244",2639.47526002,82,3
"245",2645.47526002,83,3
"246",2651.47526002,84,3
"247",2656.47526002,84,3
"248",2662.47526002,85,3
"249",2667.47526002,85,3
"250",2672.47526002,85,3
"251",2678.47526002,85,3
"252",2683.47526002,85,3
"253",2688.47526002,85,3
"254",2698.47522998,84,3
"255",2699.47526002,84,3
"256",2705.47526002,84,3
"257",2710.47526002,84,3
"258",2715.47526002,86,3
"259",2720.47526002,85,3
"260",2725.47526002,85,3
"261",2730.47522998,85,3
"262",2735.47526002,85,3
"263",2740.47526002,86,3
"264",2745.47526002,86,3
"265",2751.47522998,86,3
"266",2756.47526002,87,3
"267",2761.47526002,86,3
"268",2766.47526002,86,3
"269",2771.47526002,85,3
"270",2776.47526002,85,3
"271",2781.47526002,86,3
"272",2786.47522998,85,3
"273",2791.47526002,86,3
"274",2796.47526002,84,3
"275",2801.47522998,85,3
"276",2806.47526002,85,3
"277",2812.47526002,84,3
"278",2817.47526002,85,3
"279",2825.47526002,86,3
"280",2827.47526002,86,3
"281",2832.47526002,86,3
"282",2837.47526002,86,3
"283",2842.47522998,86,3
"284",2847.47526002,86,3
"285",2855.47526002,86,3
"286",2857.47526002,86,3
"287",2863.47526002,86,3
"288",2868.47526002,86,3
"289",2873.47526002,85,3
"290",2878.47526002,85,3
"291",2883.47526002,85,3
"292",2888.47526002,86,3
"293",2893.47526002,85,3
"294",2898.47522998,85,3
"295",2903.47522998,86,3
"296",2908.47522998,85,3
"297",2913.47526002,85,3
"298",2918.47526002,85,3
"299",2925.47526002,86,3
"300",2929.47526002,86,3
"301",2938.47526002,85,3
"302",2940.47526002,86,3
"303",2945.47526002,86,3
"304",2950.47526002,86,3
"305",2955.47526002,86,3
"306",2964.47526002,86,3
"307",2965.47526002,86,3
"308",2970.47526002,86,3
"309",2976.47526002,86,3
"310",2981.47522998,85,3
"311",2986.47526002,86,3
"312",2991.47526002,86,3
"313",2997.47522998,85,3
"314",3002.47522998,86,3
"315",3007.47526002,86,3
"316",3013.47526002,86,3
"317",3018.47526002,87,3
"318",3023.47526002,89,3
"319",3028.47526002,88,3
"320",3033.47526002,86,3
"321",3038.47526002,85,3
"322",3043.47522998,85,3
"323",3048.47526002,84,3
"324",3054.47526002,85,3
"325",3059.47526002,85,3
"326",3064.47526002,85,3
"327",3070.47526002,86,3
"328",3074.47526002,86,3
"329",3079.47522998,87,3
"330",3084.47522998,86,3
"331",3092.47526002,86,3
"332",3094.47526002,86,3
"333",3100.47526002,86,3
"334",3105.47526002,86,3
"335",3110.47526002,86,3
"336",3115.47526002,86,3
"337",3120.47526002,84,3
"338",3125.47526002,84,3
"339",3131.47526002,84,3
"340",3135.47522998,84,3
"341",3140.47526002,85,3
"342",3145.47526002,87,3
"343",3151.47522998,86,3
"344",3156.47522998,86,3
"345",3163.47526002,86,3
"346",3166.47526002,86,3
"347",3172.47526002,86,3
"348",3178.47526002,86,3
"349",3184.47526002,86,3
"350",3189.47526002,86,3
"351",3195.47526002,86,3
"352",3200.47526002,84,3
"353",3205.47526002,85,3
"354",3210.47526002,86,3
"355",3216.47526002,86,3
"356",3222.47522998,86,3
"357",3227.47522998,86,3
"358",3232.47526002,86,3
"359",3237.47526002,86,3
"360",3243.47522998,86,3
"361",3248.47526002,86,3
"362",3254.47526002,86,3
"363",3259.47526002,86,3
"364",3264.47526002,85,3
"365",3269.47522998,86,3
"366",3274.47526002,85,3
"367",3279.47522998,86,3
"368",3284.47522998,86,3
"369",3289.47526002,86,3
"370",3295.47526002,83,3
"371",3300.47526002,84,3
"372",3306.47522998,85,3
"373",3311.47526002,84,3
"374",3318.47522998,86,3
"375",3321.47526002,86,3
"376",3326.47526002,86,3
"377",3332.47522998,86,3
"378",3336.47526002,86,3
"379",3341.47526002,85,3
"380",3347.47526002,86,3
"381",3352.47526002,86,3
"382",3357.47522998,86,3
"383",3362.47526002,86,3
"384",3368.47526002,86,3
"385",3373.47526002,86,3
"386",3378.47526002,86,3
"387",3383.47526002,86,3
"388",3389.47526002,86,3
"389",3394.47526002,86,3
"390",3400.47522998,85,3
"391",3405.47526002,85,3
"392",3410.47526002,86,3
"393",3416.47526002,85,3
"394",3421.47522998,86,3
"395",3426.47522998,86,3
"396",3431.47526002,86,3
"397",3439.47522998,87,3
"398",3441.47526002,87,3
"399",3446.47526002,86,3
"400",3452.47522998,86,3
"401",3456.47526002,86,3
"402",3462.47526002,86,3
"403",3468.47526002,86,3
"404",3473.47526002,87,3
"405",3478.47526002,87,3
"406",3483.47526002,87,3
"407",3488.47522998,87,3
"408",3493.47526002,86,3
"409",3498.47526002,86,3
"410",3503.47526002,86,3
"411",3508.47526002,86,3
"412",3513.47526002,86,3
"413",3518.47526002,84,3
"414",3523.47526002,83,3
"415",3528.47526002,86,3
"416",3533.47526002,85,3
"417",3538.47526002,85,3
"418",3543.47526002,86,3
"419",3548.47526002,86,3
"420",3553.47526002,88,3
"421",3558.47526002,87,3
"422",3563.47522998,86,3
"423",3568.47526002,86,3
"424",3573.47526002,86,3
"425",3579.47526002,86,3
"426",3584.47526002,86,3
"427",3590.47526002,84,3
"428",3599.47526002,86,3
"429",3600.47526002,86,3
"430",3606.47526002,87,3
"431",3611.47526002,88,3
"432",3616.47526002,86,3
"433",3621.47522998,86,3
"434",3626.47522998,86,3
"435",3631.47526002,86,3
"436",3636.47526002,86,3
"437",3641.47522998,85,3
"438",3646.47526002,84,3
"439",3651.47526002,85,3
"440",3780.47526002,78,1
"441",3785.47526002,79,1
"442",3792.47522998,79,1
"443",3797.47526002,81,1
"444",3802.47526002,80,1
"445",3805.47526002,79,1
"446",3811.47522998,78,2
"447",3816.47526002,81,2
"448",3825.47526002,82,2
"449",3827.47526002,82,2
"450",3831.47526002,80,2
"451",3836.47526002,80,2
"452",3841.47526002,79,2
"453",3846.47526002,79,2
"454",3851.47526002,78,2
"455",3856.47526002,79,2
"456",3861.47526002,80,2
"457",3866.47526002,81,2
"458",3871.47526002,81,2
"459",3876.47522998,81,2
"460",3881.47526002,81,2
"461",3886.47526002,81,2
"462",3891.47526002,80,2
"463",3897.47526002,81,2
"464",3902.47526002,82,2
"465",3907.47526002,82,2
"466",3912.47522998,82,2
"467",3917.47526002,82,2
"468",3922.47526002,81,2
"469",3927.47526002,83,2
"470",3932.47522998,82,2
"471",3937.47526002,82,2
"472",3942.47526002,82,2
"473",3951.47522998,83,2
"474",3955.47526002,81,2
"475",3958.47526002,83,2
"476",3963.47522998,83,3
"477",3968.47526002,82,3
"478",3973.47526002,82,3
"479",3978.47526002,81,3
"480",3984.47526002,82,3
"481",3989.47526002,81,3
"482",3994.47526002,81,3
"483",3999.47522998,82,3
"484",4004.47522998,82,3
"485",4009.47526002,83,3
"486",4014.47526002,83,3
"487",4019.47526002,83,3
"488",4027.47522998,83,3
"489",4029.47526002,79,3
"490",4034.47526002,80,3
"491",4040.47526002,80,3
"492",4045.47526002,81,3
"493",4051.47526002,82,3
"494",4056.47526002,81,3
"495",4061.47526002,81,3
"496",4071.47526002,84,3
"497",4072.47522998,84,3
"498",4077.47526002,83,3
"499",4083.47526002,82,3
"500",4088.47522998,83,3
"501",4093.47526002,83,3
"502",4099.47526002,83,3
"503",4104.47526002,84,3
"504",4109.47522998,83,3
"505",4114.47522998,83,3
"506",4122.47526002,83,3
"507",4124.47526002,82,3
"508",4129.47526002,82,3
"509",4135.47526002,82,3
"510",4140.47526002,82,3
"511",4145.47526002,82,3
"512",4150.47526002,82,3
"513",4155.47522998,82,3
"514",4160.47526002,83,3
"515",4167.47526002,86,3
"516",4170.47522998,85,3
"517",4175.47522998,85,3
"518",4180.47526002,85,3
"519",4188.47522998,85,3
"520",4190.47522998,84,3
"521",4195.47526002,84,3
"522",4200.47526002,85,3
"523",4205.47526002,85,3
"524",4210.47522998,84,3
"525",4215.47526002,85,3
"526",4221.47526002,85,3
"527",4226.47522998,84,3
"528",4231.47526002,84,3
"529",4236.47526002,84,3
"530",4241.47522998,84,3
"531",4246.47526002,86,3
"532",4251.47526002,87,3
"533",4256.47526002,86,3
"534",4262.47526002,85,3
"535",4267.47526002,84,3
"536",4273.47522998,84,3
"537",4278.47526002,84,3
"538",4283.47526002,85,3
"539",4288.47526002,84,3
"540",4293.47526002,84,3
"541",4298.47526002,85,3
"542",4304.47522998,85,3
"543",4311.47526002,85,3
"544",4313.47526002,85,3
"545",4318.47526002,85,3
"546",4355.47526002,85,2
"547",4362.47526002,110,2
"548",4364.47526002,110,2
"549",4372.47526002,85,2
"550",4376.47526002,85,2
"551",4383.47526002,75,2
"552",4385.47522998,75,2
"553",4393.47526002,76,2
"554",4398.47526002,76,2
"555",4403.47526002,77,2
"556",4408.47522998,78,2
"557",4410.47526002,79,5
"558",4415.47522998,79,5
"559",4423.47526002,84,5
"560",4427.47526002,86,5
"561",4431.47526002,87,5
"562",4438.47526002,83,5
"563",4443.47522998,82,5
"564",4447.47526002,80,5
"565",4452.47526002,79,5
"566",4457.47522998,78,5
"567",4462.47526002,80,5
"568",4467.47526002,82,5
"569",4473.47522998,86,5
"570",4480.47526002,87,5
"571",4482.47522998,88,5
"572",4487.47526002,88,5
"573",4492.47526002,88,5
"574",4498.47526002,88,5
"575",4506.47526002,86,5
"576",4509.47522998,86,5
"577",4518.47526002,86,5
"578",4519.47526002,86,5
"579",4524.47526002,86,5
"580",4533.47526002,91,5
"581",4534.47522998,91,5
"582",4539.47526002,88,5
"583",4545.47526002,88,5
"584",4550.47522998,90,5
"585",4555.47526002,92,5
"586",4560.47526002,93,5
"587",4565.47522998,94,5
"588",4570.47526002,92,5
"589",4576.47522998,91,5
"590",4581.47526002,92,5
"591",4586.47526002,92,5
"592",4591.47526002,91,5
"593",4596.47526002,87,5
"594",4601.47526002,86,5
"595",4606.47522998,88,5
"596",4611.47526002,93,5
"597",4616.47526002,90,5
"598",4623.47526002,89,5
"599",4626.47522998,89,5
"600",4633.47522998,89,5
"601",4636.47526002,89,5
"602",4641.47526002,89,5
"603",4646.47526002,89,5
"604",4651.47526002,89,5
"605",4661.47526002,90,5
"606",4662.47526002,90,5
"607",4667.47526002,91,5
"608",4672.47526002,91,5
"609",4677.47526002,91,5
"610",4686.47526002,95,5
"611",4688.47526002,95,5
"612",4693.47526002,95,5
"613",4700.47526002,90,5
"614",4703.47526002,90,5
"615",4708.47526002,91,5
"616",4713.47526002,90,5
"617",4718.47526002,87,5
"618",4724.47526002,88,5
"619",4729.47526002,90,5
"620",4734.47526002,93,5
"621",4740.47526002,94,5
"622",4745.47526002,93,5
"623",4750.47526002,92,5
"624",4755.47526002,92,5
"625",4760.47526002,90,5
"626",4766.47526002,89,5
"627",4771.47526002,94,5
"628",4777.47522998,92,5
"629",4784.47526002,91,5
"630",4787.47526002,91,5
"631",4794.47522998,85,5
"632",4800.47526002,85,5
"633",4802.47526002,85,5
"634",4807.47526002,86,5
"635",4813.47526002,89,5
"636",4818.47526002,85,5
"637",4825.47522998,84,5
"638",4828.47526002,85,5
"639",4837.47526002,91,5
"640",4838.47522998,91,5
"641",4843.47526002,91,5
"642",4848.47522998,90,5
"643",4853.47526002,87,5
"644",4858.47522998,86,5
"645",4867.47522998,82,5
"646",4869.47526002,83,5
"647",4874.47526002,85,5
"648",4879.47526002,86,5
"649",4884.47526002,86,5
"650",4889.47526002,86,5
"651",4894.47526002,86,5
"652",4900.47522998,86,5
"653",4905.47526002,90,5
"654",4910.47526002,92,5
"655",4915.47526002,92,5
"656",4920.47526002,92,5
"657",4927.47526002,94,5
"658",4931.47526002,94,5
"659",4936.47526002,94,5
"660",4941.47526002,94,5
"661",4946.47522998,96,5
"662",4951.47526002,96,5
"663",4959.47526002,93,5
"664",4961.47526002,93,5
"665",4966.47522998,92,5
"666",4971.47526002,91,5
"667",4976.47522998,91,5
"668",4981.47526002,94,5
"669",4986.47526002,94,5
"670",4991.47526002,95,5
"671",4996.47526002,99,5
"672",5001.47526002,99,5
"673",5006.47526002,95,5
"674",5012.47526002,100,5
"675",5017.47522998,99,5
"676",5025.47526002,89,5
"677",5027.47526002,89,5
"678",5033.47526002,89,5
"679",5038.47526002,87,5
"680",5047.47526002,87,5
"681",5048.47522998,87,5
"682",5053.47522998,86,5
"683",5058.47526002,86,5
"684",5063.47526002,88,5
"685",5068.47526002,87,5
"686",5073.47526002,88,5
"687",5078.47522998,90,5
"688",5083.47526002,89,5
"689",5088.47526002,89,5
"690",5093.47522998,87,5
"691",5098.47526002,85,5
"692",5104.47526002,85,5
"693",5109.47526002,86,5
"694",5114.47526002,91,5
"695",5119.47526002,86,5
"696",5128.47522998,94,5
"697",5130.47526002,94,5
"698",5139.47526002,84,5
"699",5140.47526002,84,5
"700",5145.47526002,85,5
"701",5150.47526002,84,5
"702",5155.47522998,86,5
"703",5160.47526002,87,5
"704",5165.47522998,86,5
"705",5170.47526002,84,5
"706",5175.47526002,82,5
"707",5181.47522998,83,5
"708",5186.47526002,82,5
"709",5191.47522998,86,5
"710",5197.47526002,85,5
"711",5201.47526002,86,5
"712",5206.47526002,86,5
"713",5212.47526002,85,5
"714",5217.47526002,83,5
"715",5222.47526002,84,5
"716",5227.47526002,86,5
"717",5232.47526002,86,5
"718",5237.47526002,83,5
"719",5242.47526002,86,5
"720",5247.47526002,86,5
"721",5253.47526002,86,5
"722",5259.47522998,86,5
"723",5265.47526002,82,5
"724",5269.47526002,81,5
"725",5276.47522998,87,5
"726",5279.47526002,86,5
"727",5285.47526002,86,5
"728",5290.47526002,82,5
"729",5295.47526002,84,5
"730",5305.47522998,78,5
"731",5307.47526002,78,5
"732",5312.47526002,84,5
"733",5317.47526002,86,5
"734",5322.47526002,83,5
"735",5328.47526002,81,5
"736",5333.47526002,81,5
"737",5338.47526002,81,5
"738",5343.47526002,81,5
"739",5348.47526002,82,5
"740",5353.47526002,81,5
"741",5358.47526002,86,5
"742",5363.47526002,86,5
"743",5368.47526002,88,5
"744",5373.47526002,89,5
"745",5383.47526002,83,5
"746",5384.47522998,83,5
"747",5389.47526002,83,5
"748",5394.47522998,83,5
"749",5399.47526002,84,5
"750",5404.46575999,83,5
"751",5411.46575999,84,5
"752",5416.46575999,85,5
"753",5421.46575999,87,5
"754",5428.46575999,89,5
"755",5431.46575999,91,5
"756",5436.46575999,90,5
"757",5441.46575999,87,5
"758",5447.46572995,86,5
"759",5452.46575999,81,5
"760",5458.46575999,81,5
"761",5463.46575999,84,5
"762",5469.46575999,85,5
"763",5478.46575999,80,5
"764",5479.46575999,80,5
"765",5484.46575999,84,5
"766",5489.46575999,84,5
"767",5495.46575999,77,5
"768",5499.46575999,77,5
"769",5508.46575999,81,5
"770",5510.46575999,86,5
"771",5516.46575999,81,5
"772",5521.46572995,86,5
"773",5526.46575999,85,5
"774",5531.46575999,78,5
"775",5536.46575999,79,5
"776",5541.46575999,81,5
"777",5546.46575999,82,5
"778",5551.46575999,84,5
"779",5556.46572995,83,5
"780",5561.46575999,85,5
"781",5566.46575999,86,5
"782",5575.46572995,86,5
"783",5577.46575999,80,5
"784",5583.46575999,78,5
"785",5590.46575999,85,5
"786",5593.46575999,86,5
"787",5598.46575999,81,5
"788",5603.46575999,80,5
"789",5608.46575999,81,5
"790",5613.46572995,84,5
"791",5618.46575999,85,5
"792",5623.46575999,82,5
"793",5628.46575999,82,5
"794",5636.46572995,86,5
"795",5639.46572995,86,5
"796",5644.46575999,88,5
"797",5649.46575999,85,5
"798",5655.46575999,90,5
"799",5660.46575999,89,5
"800",5665.46572995,88,5
"801",5670.46575999,82,5
"802",5675.46575999,82,5
"803",5680.46575999,86,5
"804",5685.46575999,81,5
"805",5690.46575999,83,5
"806",5696.46575999,85,5
"807",5702.46575999,84,5
"808",5707.46575999,84,5
"809",5712.46575999,84,5
"810",5717.46572995,83,5
"811",5724.46575999,83,5
"812",5727.46572995,83,5
"813",5732.46572995,83,5
"814",5737.46575999,82,5
"815",5743.46575999,81,5
"816",5748.46575999,83,5
"817",5753.46575999,85,5
"818",5758.46572995,86,5
"819",5763.46575999,86,5
"820",5768.46575999,86,5
"821",5773.46575999,91,5
"822",5778.46575999,91,5
"823",5784.46575999,92,5
"824",5792.46575999,81,5
"825",5794.46575999,80,5
"826",5799.46575999,82,5
"827",5804.46575999,82,5
"828",5811.46575999,78,5
"829",5814.46575999,77,5
"830",5819.46575999,77,5
"831",5824.46572995,79,5
"832",5829.46572995,79,5
"833",5834.46575999,78,5
"834",5839.46575999,80,5
"835",5844.46575999,82,5
"836",5851.46575999,88,5
"837",5855.46575999,87,5
"838",5860.46572995,86,5
"839",5865.46575999,86,5
"840",5872.46575999,84,5
"841",5875.46575999,85,5
"842",5880.46575999,85,5
"843",5885.46575999,85,5
"844",5891.46575999,80,5
"845",5895.46575999,77,5
"846",5900.46575999,77,5
"847",5905.46575999,80,5
"848",5911.46575999,81,5
"849",5916.46575999,79,5
"850",5921.46575999,79,5
"851",5926.46575999,80,5
"852",5931.46575999,82,5
"853",5936.46575999,83,5
"854",5941.46572995,87,5
"855",5946.46575999,86,5
"856",5951.46575999,85,5
"857",5956.46575999,86,5
"858",5962.46575999,84,5
"859",5967.46575999,84,5
"860",5972.46575999,84,5
"861",5977.46572995,84,5
"862",5982.46572995,77,5
"863",5987.46575999,82,5
"864",5995.46575999,77,5
"865",5997.46575999,77,5
"866",6002.46575999,82,5
"867",6007.46575999,83,5
"868",6013.46575999,81,5
"869",6018.46575999,84,5
"870",6028.46575999,79,5
"871",6029.46575999,79,5
"872",6037.46575999,83,5
"873",6040.46575999,84,5
"874",6045.46572995,86,5
"875",6050.46575999,85,5
"876",6055.46575999,85,5
"877",6060.46572995,86,5
"878",6065.46572995,86,5
"879",6072.46575999,82,5
"880",6076.46575999,81,5
"881",6084.46575999,85,5
"882",6090.46572995,86,5
"883",6092.46575999,82,5
"884",6097.46575999,79,5
"885",6102.46572995,80,5
"886",6107.46575999,79,5
"887",6112.46575999,79,5
"888",6117.46572995,79,5
"889",6122.46572995,79,5
"890",6127.46575999,81,5
"891",6132.46575999,84,5
"892",6138.46575999,85,5
"893",6143.46575999,86,5
"894",6152.46575999,84,5
"895",6154.46575999,82,5
"896",6159.46575999,81,5
"897",6164.46572995,82,5
"898",6169.46575999,80,5
"899",6175.46575999,81,5
"900",6180.46575999,82,2
"901",6185.46575999,82,2
"902",6190.46575999,81,2
"903",6196.46572995,86,2
"904",6204.46575999,83,2
"905",6206.46575999,83,2
"906",6211.46575999,87,2
"907",6220.46575999,86,2
"908",6221.46575999,86,2
"909",6229.46572995,78,2
"910",6231.46575999,80,2
"911",6236.46575999,82,2
"912",6241.46575999,83,2
"913",6246.46572995,82,2
"914",6251.46575999,82,2
"915",6260.46575999,84,2
"916",6261.46575999,84,2
"917",6266.46575999,84,2
"918",6272.46575999,85,2
"919",6278.46575999,81,2
"920",6283.46575999,79,2
"921",6288.46575999,79,2
"922",6293.46575999,84,2
"923",6298.46572995,85,2
"924",6303.46575999,86,2
"925",6308.46572995,82,2
"926",6313.46575999,84,2
"927",6318.46575999,86,2
"928",6323.46575999,81,2
"929",6328.46575999,79,2
"930",6333.46575999,79,2
"931",6341.46575999,86,2
"932",6343.46575999,85,2
"933",6348.46575999,77,2
"934",6353.46575999,80,2
"935",6358.46572995,81,2
"936",6363.46575999,81,2
"937",6368.46575999,82,2
"938",6373.46575999,83,2
"939",6378.46572995,83,2
"940",6383.46575999,83,2
"941",6390.46575999,84,2
"942",6394.46575999,77,2
"943",6399.46572995,78,2
"944",6404.46575999,80,2
"945",6409.46575999,81,2
"946",6414.46575999,78,2
"947",6419.46575999,78,2
"948",6424.46575999,79,2
"949",6430.46575999,80,2
"950",6439.46575999,83,2
"951",6440.46575999,84,2
"952",6445.46572995,85,2
"953",6450.46575999,83,2
"954",6455.46575999,83,2
"955",6460.46575999,81,2
"956",6465.46575999,81,2
"957",6471.46575999,81,2
"958",6475.46575999,78,2
"959",6480.46575999,79,2
"960",6485.46575999,81,2
"961",6490.46575999,83,2
"962",6497.46575999,81,2
"963",6500.46575999,79,2
"964",6506.46575999,79,2
"965",6514.46572995,79,2
"966",6516.46575999,78,2
"967",6521.46575999,77,2
"968",6526.46575999,80,2
"969",6532.46575999,80,2
"970",6537.46575999,79,2
"971",6542.46575999,79,2
"972",6547.46572995,80,2
"973",6553.46572995,80,2
"974",6557.46575999,80,2
"975",6562.46575999,78,2
"976",6567.46575999,78,2
"977",6576.46575999,80,2
"978",6578.46575999,80,2
"979",6583.46575999,80,2
"980",6590.46572995,80,2
"981",6593.46575999,79,2
"982",6598.46575999,81,2
"983",6603.46575999,82,2
"984",6608.46575999,82,2
"985",6613.46572995,82,2
"986",6618.46575999,82,2
"987",6623.46575999,81,2
"988",6628.46575999,81,2
"989",6633.46575999,81,2
"990",6639.46575999,81,2
"991",6644.46572995,82,2
"992",6649.46575999,84,2
"993",6654.46575999,82,2
"994",6659.46575999,83,2
"995",6664.46575999,82,2
"996",6669.46575999,82,2
"997",6674.46572995,79,2
"998",6679.46572995,80,2
"999",6688.46575999,84,2
"1000",6689.46575999,84,2
"1001",6694.46575999,84,2
"1002",6699.46575999,82,2
"1003",6704.46575999,81,2
"1004",6709.46575999,81,2
"1005",6715.46575999,81,2
"1006",6722.46572995,83,2
"1007",6726.46575999,81,2
"1008",6731.46575999,81,2
"1009",6737.46575999,80,2
"1010",6743.46575999,80,2
"1011",6749.46575999,80,2
"1012",6754.46575999,81,2
"1013",6759.46575999,82,2
"1014",6764.46575999,81,2
"1015",6769.46575999,81,2
"1016",6775.46575999,81,2
"1017",6780.46575999,81,2
"1018",6786.46575999,83,2
"1019",6790.46575999,81,2
"1020",6797.46575999,83,2
"1021",6800.46575999,86,2
"1022",6805.46575999,83,2
"1023",6810.46572995,82,2
"1024",6815.46575999,82,2
"1025",6823.46575999,82,2
"1026",6831.46575999,76,2
"1027",6832.46575999,76,2
"1028",6837.46575999,79,2
"1029",6842.46575999,82,2
"1030",6848.46575999,78,2
"1031",6852.46575999,80,2
"1032",6857.46575999,82,2
"1033",6863.46575999,82,2
"1034",6868.46575999,82,2
"1035",6873.46575999,82,2
"1036",6878.46575999,82,2
"1037",6884.46575999,83,2
"1038",6889.46575999,82,2
"1039",6894.46575999,82,2
"1040",6899.46572995,83,2
"1041",6904.46575999,83,2
"1042",6909.46575999,84,2
"1043",6914.46575999,84,2
"1044",6919.46575999,85,2
"1045",6924.46575999,85,2
"1046",6931.46575999,84,2
"1047",6935.46572995,83,2
"1048",6944.46572995,81,2
"1049",6946.46575999,81,2
"1050",6951.46575999,82,2
"1051",6956.46575999,83,2
"1052",6962.46572995,83,2
"1053",6967.46575999,82,2
"1054",6972.46572995,81,2
"1055",6977.46572995,82,2
"1056",6982.46575999,84,2
"1057",6987.46575999,83,2
"1058",6992.46575999,82,2
"1059",6997.46575999,84,2
"1060",7003.46572995,85,2
"1061",7008.46575999,84,2
"1062",7013.46575999,84,2
"1063",7018.46575999,83,2
"1064",7024.46575999,84,2
"1065",7029.46572995,83,2
"1066",7034.46575999,83,2
"1067",7043.46575999,82,2
"1068",7044.46575999,82,2
"1069",7049.46575999,86,2
"1070",7057.46575999,84,2
"1071",7059.46575999,82,2
"1072",7064.46575999,85,2
"1073",7069.46572995,85,2
"1074",7074.46575999,83,2
"1075",7079.46575999,80,2
"1076",7084.46575999,80,2
"1077",7090.46575999,81,2
"1078",7095.46575999,82,2
"1079",7100.46575999,83,2
"1080",7105.46575999,84,2
"1081",7111.46575999,85,2
"1082",7116.46575999,85,2
"1083",7121.46572995,85,2
"1084",7126.46572995,84,2
"1085",7131.46575999,85,2
"1086",7136.46575999,86,2
"1087",7141.46575999,85,2
"1088",7146.46572995,84,2
"1089",7151.46575999,85,2
"1090",7156.46572995,86,2
"1091",7161.46575999,82,2
"1092",7167.46575999,82,2
"1093",7172.46575999,85,2
"1094",7177.46575999,85,2
"1095",7183.46575999,82,2
"1096",7188.46575999,83,2
"1097",7193.46575999,83,2
"1098",7198.46575999,83,2
"1099",7203.46575999,84,2
"1100",7208.46572995,85,2
"1101",7213.46575999,84,2
"1102",7218.46575999,84,2
"1103",7227.46575999,86,2
"1104",7228.46575999,86,2
"1105",7233.46575999,84,3
"1106",7239.46572995,83,3
"1107",7244.46575999,83,3
"1108",7249.46575999,84,3
"1109",7254.46575999,84,3
"1110",7259.46575999,84,3
"1111",7264.46575999,85,3
"1112",7269.46575999,85,3
"1113",7274.46575999,85,3
"1114",7281.46575999,85,3
"1115",7284.46575999,85,3
"1116",7290.46575999,86,3
"1117",7297.46575999,86,3
"1118",7299.46575999,86,3
"1119",7304.46572995,86,3
"1120",7309.46575999,84,3
"1121",7314.46572995,85,3
"1122",7319.46575999,86,3
"1123",7325.46575999,85,3
"1124",7330.46572995,85,3
"1125",7335.46572995,86,3
"1126",7340.46575999,85,3
"1127",7346.46575999,85,3
"1128",7351.46575999,85,3
"1129",7356.46575999,85,3
"1130",7362.46575999,85,3
"1131",7367.46575999,85,3
"1132",7373.46572995,85,3
"1133",7377.46575999,83,3
"1134",7382.46575999,82,3
"1135",7387.46575999,83,3
"1136",7392.46575999,83,3
"1137",7397.46575999,83,3
"1138",7403.46572995,83,3
"1139",7408.46572995,82,3
"1140",7413.46575999,82,3
"1141",7418.46572995,82,3
"1142",7423.46575999,82,3
"1143",7429.46572995,82,3
"1144",7434.46575999,82,3
"1145",7439.46575999,84,3
"1146",7444.46575999,83,3
"1147",7449.46575999,83,3
"1148",7454.46575999,83,3
"1149",7459.46572995,83,3
"1150",7464.46575999,84,3
"1151",7469.46575999,85,3
"1152",7474.46575999,86,3
"1153",7479.46575999,86,3
"1154",7484.46575999,82,3
"1155",7489.46575999,83,3
"1156",7494.46575999,85,3
"1157",7499.46575999,85,3
"1158",7504.46575999,87,3
"1159",7509.46575999,86,3
"1160",7514.46572995,86,3
"1161",7519.46572995,85,3
"1162",7524.46575999,85,3
"1163",7533.46575999,86,3
"1164",7537.46575999,86,3
"1165",7539.46575999,86,3
"1166",7544.46575999,85,3
"1167",7549.46575999,83,3
"1168",7554.46572995,84,3
"1169",7559.46575999,85,3
"1170",7564.46572995,86,3
"1171",7570.46575999,86,3
"1172",7574.46575999,86,3
"1173",7579.46572995,86,3
"1174",7584.46572995,87,3
"1175",7589.46575999,86,3
"1176",7594.46575999,86,3
"1177",7599.46575999,86,3
"1178",7604.46575999,85,3
"1179",7609.46572995,85,3
"1180",7614.46575999,85,3
"1181",7619.46575999,85,3
"1182",7625.46575999,85,3
"1183",7631.46575999,85,3
"1184",7640.46575999,85,3
"1185",7641.46575999,85,3
"1186",7647.46575999,85,3
"1187",7652.46575999,83,3
"1188",7657.46575999,83,3
"1189",7664.46575999,86,3
"1190",7667.46575999,87,3
"1191",7672.46575999,86,3
"1192",7677.46575999,86,3
"1193",7682.46572995,86,3
"1194",7687.46575999,85,3
"1195",7692.46575999,85,3
"1196",7697.46572995,85,3
"1197",7702.46575999,85,3
"1198",7708.46575999,85,3
"1199",7713.46575999,85,3
"1200",7718.46575999,85,3
"1201",7723.46575999,84,3
"1202",7728.46575999,84,3
"1203",7733.46575999,86,3
"1204",7741.46575999,86,3
"1205",7743.46572995,86,3
"1206",7748.46575999,86,3
"1207",7753.46575999,86,3
"1208",7758.46575999,86,3
"1209",7766.46572995,86,3
"1210",7769.46575999,86,3
"1211",7774.46575999,86,3
"1212",7779.46575999,86,3
"1213",7784.46572995,86,3
"1214",7789.46575999,85,3
"1215",7794.46572995,85,3
"1216",7799.46575999,85,3
"1217",7804.46575999,83,3
"1218",7810.46572995,83,3
"1219",7815.46572995,84,3
"1220",7820.46575999,82,3
"1221",7826.46575999,86,3
"1222",7831.46575999,86,3
"1223",7836.46575999,85,3
"1224",7841.46575999,85,3
"1225",7846.46575999,83,3
"1226",7851.46575999,84,3
"1227",7857.46575999,84,3
"1228",7866.46575999,84,3
"1229",7867.46575999,84,3
"1230",7872.46575999,80,3
"1231",7877.46575999,82,3
"1232",7883.46575999,82,3
"1233",7888.46572995,82,3
"1234",7893.46575999,84,3
"1235",7898.46575999,85,3
"1236",7904.46575999,86,3
"1237",7908.46575999,86,3
"1238",7913.46575999,85,3
"1239",7918.46575999,84,3
"1240",7923.46572995,83,3
"1241",7928.46575999,82,3
"1242",7933.46575999,82,3
"1243",7939.46575999,82,3
"1244",7944.46575999,85,3
"1245",7950.46575999,86,3
"1246",7956.46575999,86,3
"1247",7961.46572995,86,3
"1248",7968.46575999,84,3
"1249",7971.46572995,81,3
"1250",7976.46572995,82,3
"1251",7981.46575999,85,3
"1252",7986.46572995,85,3
"1253",7991.46575999,83,3
"1254",7997.46572995,84,3
"1255",8002.46575999,86,3
"1256",8007.46572995,84,3
"1257",8012.46575999,81,3
"1258",8018.46575999,82,3
"1259",8026.46575999,85,3
"1260",8029.46572995,84,3
"1261",8034.46575999,82,3
"1262",8040.46575999,83,3
"1263",8045.46575999,84,3
"1264",8050.46575999,80,3
"1265",8055.46575999,82,3
"1266",8060.46575999,84,3
"1267",8066.46575999,86,3
"1268",8072.46575999,85,3
"1269",8077.46575999,83,3
"1270",8082.46575999,83,3
"1271",8087.46575999,85,3
"1272",8092.46575999,84,3
"1273",8097.46575999,83,3
"1274",8102.46575999,84,3
"1275",8107.46572995,84,3
"1276",8112.46575999,86,3
"1277",8117.46575999,83,3
"1278",8123.46575999,82,3
"1279",8128.46575999,83,3
"1280",8133.46575999,83,3
"1281",8138.46575999,83,3
"1282",8143.46575999,83,3
"1283",8148.46572995,85,3
"1284",8153.46575999,83,3
"1285",8158.46575999,85,3
"1286",8163.46572995,86,3
"1287",8168.46572995,85,3
"1288",8173.46572995,83,3
"1289",8178.46575999,82,3
"1290",8183.46575999,82,3
"1291",8192.46575999,82,3
"1292",8193.46575999,82,3
"1293",8198.46575999,82,3
"1294",8203.46575999,82,3
"1295",8208.46572995,85,3
"1296",8213.46575999,84,3
"1297",8218.46572995,84,3
"1298",8223.46575999,85,3
"1299",8229.46572995,84,3
"1300",8233.46575999,84,3
"1301",8238.46575999,83,3
"1302",8243.46575999,84,3
"1303",8248.46575999,84,3
"1304",8253.46575999,83,3
"1305",8258.46572995,84,3
"1306",8263.46575999,84,3
"1307",8268.46572995,83,3
"1308",8273.46575999,83,3
"1309",8278.46572995,83,3
"1310",8283.46572995,80,3
"1311",8288.46575999,83,3
"1312",8293.46575999,86,3
"1313",8298.46575999,85,3
"1314",8303.46575999,82,3
"1315",8308.46575999,83,3
"1316",8313.46575999,85,3
"1317",8319.46572995,83,3
"1318",8324.46575999,83,3
"1319",8329.46575999,81,3
"1320",8335.46572995,82,3
"1321",8340.46572995,84,3
"1322",8345.46575999,85,3
"1323",8350.46575999,85,3
"1324",8355.46575999,85,3
"1325",8360.46575999,82,3
"1326",8365.46572995,82,3
"1327",8370.46575999,84,3
"1328",8375.46575999,86,3
"1329",8380.46575999,85,3
"1330",8385.46575999,83,3
"1331",8390.46575999,82,3
"1332",8396.46575999,82,3
"1333",8402.46575999,82,3
"1334",8408.46575999,85,3
"1335",8413.46575999,86,3
"1336",8418.46572995,86,3
"1337",8423.46572995,86,3
"1338",8428.46575999,86,3
"1339",8433.46575999,86,3
"1340",8438.46575999,85,3
"1341",8443.46572995,85,3
"1342",8448.46575999,85,3
"1343",8454.46575999,86,3
"1344",8459.46575999,86,3
"1345",8464.46572995,84,3
"1346",8469.46572995,84,3
"1347",8474.46572995,84,3
"1348",8479.46572995,84,3
"1349",8484.46572995,85,3
"1350",8489.46575999,86,3
"1351",8494.46572995,86,3
"1352",8499.46575999,85,3
"1353",8504.46575999,85,3
"1354",8509.46575999,85,3
"1355",8515.46575999,85,3
"1356",8521.46572995,85,3
"1357",8526.46575999,85,3
"1358",8532.46575999,83,3
"1359",8537.46575999,84,3
"1360",8542.46572995,84,3
"1361",8547.46575999,85,3
"1362",8552.46575999,84,3
"1363",8557.46575999,85,3
"1364",8562.46575999,85,3
"1365",8567.46575999,84,3
"1366",8572.46572995,85,3
"1367",8577.46572995,85,3
"1368",8583.46575999,82,3
"1369",8588.46575999,83,3
"1370",8593.46575999,85,3
"1371",8598.46575999,85,3
"1372",8603.46575999,85,3
"1373",8608.46575999,84,3
"1374",8613.46572995,84,3
"1375",8618.46575999,84,3
"1376",8623.46572995,84,3
"1377",8628.46575999,84,3
"1378",8633.46572995,85,3
"1379",8638.46575999,85,3
"1380",8643.46575999,85,3
"1381",8648.46575999,83,3
"1382",8657.46575999,87,3
"1383",8659.46575999,86,3
"1384",8664.46575999,82,3
"1385",8669.46575999,84,3
"1386",8674.46575999,84,3
"1387",8679.46575999,83,3
"1388",8684.46575999,83,3
"1389",8689.46575999,83,3
"1390",8694.46575999,83,3
"1391",8699.46575999,83,3
"1392",8704.46572995,84,3
"1393",8709.46575999,85,3
"1394",8714.46575999,84,3
"1395",8719.46575999,82,3
"1396",8724.46575999,83,3
"1397",8729.46575999,84,3
"1398",8734.46572995,83,3
"1399",8739.46575999,84,3
"1400",8744.46575999,86,3
"1401",8749.46572995,85,3
"1402",8758.46575999,83,3
"1403",8759.46575999,82,3
"1404",8764.46575999,82,3
"1405",8769.46575999,83,3
"1406",8774.46575999,85,3
"1407",8779.46575999,86,3
"1408",8784.46575999,85,3
"1409",8793.46575999,84,3
"1410",8797.46575999,84,3
"1411",8800.46572995,84,3
"1412",8805.46575999,85,3
"1413",8810.46575999,85,3
"1414",8815.46575999,85,3
"1415",8820.46575999,85,3
"1416",8828.46575999,82,3
"1417",8830.46575999,83,3
"1418",8835.46575999,83,3
"1419",8840.46572995,82,3
"1420",8845.46575999,82,3
"1421",8850.46575999,82,3
"1422",8855.46575999,82,3
"1423",8860.46572995,83,3
"1424",8865.46572995,84,3
"1425",8870.46575999,84,3
"1426",8875.46575999,84,3
"1427",8880.46575999,84,3
"1428",8885.46575999,84,3
"1429",8890.46575999,86,3
"1430",8895.46575999,86,3
"1431",8900.46575999,85,3
"1432",8905.46572995,84,3
"1433",8910.46575999,85,3
"1434",8915.46575999,84,3
"1435",8921.46575999,85,3
"1436",8926.46575999,84,3
"1437",8931.46575999,83,3
"1438",8936.46575999,83,3
"1439",8941.46575999,83,3
"1440",8946.46575999,86,3
"1441",8951.46575999,85,3
"1442",8956.46575999,84,3
"1443",8961.46575999,83,3
"1444",8966.46575999,83,3
"1445",8971.46575999,86,3
"1446",8976.46575999,84,3
"1447",8981.46575999,83,3
"1448",8991.46572995,86,3
"1449",8993.46572995,81,3
"1450",8998.46575999,82,3
"1451",9003.46575999,83,3
"1452",9008.4681201,84,3
"1453",9014.4681201,84,3
"1454",9019.4681201,82,3
"1455",9024.4681201,83,3
"1456",9029.46809006,83,3
"1457",9034.46809006,83,3
"1458",9039.4681201,83,3
"1459",9044.4681201,83,3
"1460",9049.4681201,82,3
"1461",9054.4681201,82,3
"1462",9060.4681201,82,3
"1463",9065.4681201,83,3
"1464",9070.4681201,83,3
"1465",9075.4681201,83,3
"1466",9081.4681201,81,3
"1467",9086.46809006,81,3
"1468",9091.4681201,81,3
"1469",9098.46809006,81,3
"1470",9101.4681201,82,3
"1471",9110.4681201,83,3
"1472",9111.4681201,84,3
"1473",9117.4681201,83,3
"1474",9122.4681201,81,3
"1475",9132.4681201,82,3
"1476",9133.4681201,82,3
"1477",9139.4681201,82,3
"1478",9145.4681201,81,3
"1479",9150.4681201,80,3
"1480",9157.4681201,83,3
"1481",9160.4681201,83,3
"1482",9165.4681201,84,3
"1483",9171.4681201,86,3
"1484",9176.4681201,83,3
"1485",9182.4681201,82,3
"1486",9187.4681201,81,3
"1487",9192.4681201,81,3
"1488",9197.4681201,84,3
"1489",9202.4681201,81,3
"1490",9207.46809006,82,3
"1491",9212.4681201,83,3
"1492",9217.46809006,83,3
"1493",9222.4681201,83,3
"1494",9227.4681201,83,3
"1495",9232.4681201,80,3
"1496",9237.46809006,81,3
"1497",9242.4681201,82,3
"1498",9247.4681201,83,3
"1499",9252.4681201,83,3
"1500",9257.4681201,83,3
"1501",9262.46809006,82,3
"1502",9271.4681201,84,3
"1503",9272.4681201,84,3
"1504",9277.4681201,79,3
"1505",9283.4681201,82,3
"1506",9289.4681201,80,3
"1507",9296.4681201,81,3
"1508",9299.46809006,79,3
"1509",9304.4681201,80,3
"1510",9309.4681201,79,3
"1511",9314.4681201,82,3
"1512",9319.46809006,83,3
"1513",9324.4681201,83,3
"1514",9329.4681201,83,3
"1515",9334.4681201,81,3
"1516",9339.4681201,83,3
"1517",9344.4681201,83,3
"1518",9350.4681201,80,3
"1519",9355.4681201,82,3
"1520",9360.46809006,81,3
"1521",9365.4681201,81,3
"1522",9370.46809006,81,3
"1523",9375.4681201,82,3
"1524",9381.4681201,82,3
"1525",9386.4681201,82,3
"1526",9391.4681201,82,3
"1527",9396.46809006,82,3
"1528",9401.4681201,82,3
"1529",9410.4681201,83,3
"1530",9411.46809006,82,3
"1531",9416.4681201,78,3
"1532",9422.4681201,80,3
"1533",9427.4681201,82,3
"1534",9433.4681201,81,3
"1535",9438.4681201,79,3
"1536",9443.4681201,79,3
"1537",9448.4681201,80,3
"1538",9453.46809006,77,3
"1539",9458.4681201,77,3
"1540",9464.4681201,78,3
"1541",9469.4681201,78,3
"1542",9475.4681201,79,3
"1543",9480.4681201,79,3
"1544",9484.46809006,79,3
"1545",9489.46809006,79,3
"1546",9494.4681201,79,3
"1547",9499.4681201,79,3
"1548",9504.4681201,80,3
"1549",9541.4681201,81,1
"1550",9545.4681201,81,1
"1551",9550.4681201,81,1
"1552",9555.4681201,84,1
"1553",9560.4681201,85,1
"1554",9565.4681201,85,1
"1555",9571.4681201,85,1
"1556",9579.4681201,112,1
"1557",9584.4681201,112,1
"1558",9587.4681201,112,1
"1559",9593.4681201,87,1
"1560",9598.4681201,86,1
"1561",9605.4681201,77,2
"1562",9610.4681201,77,2
"1563",9615.4681201,77,2
"1564",9620.4681201,80,2
"1565",9621.4681201,80,2
"1566",9629.46809006,72,2
"1567",9635.46809006,74,2
"1568",9639.4681201,75,2
"1569",9642.4681201,76,2
"1570",9647.46809006,72,2
"1571",9654.4681201,72,2
"1572",9657.4681201,71,2
"1573",9662.46809006,72,2
"1574",9667.46809006,72,2
"1575",9675.4681201,72,2
"1576",9677.4681201,72,2
"1577",9682.4681201,79,2
"1578",9688.46809006,81,2
"1579",9693.4681201,80,2
"1580",9702.4681201,69,2
"1581",9703.4681201,69,2
"1582",9708.4681201,71,2
"1583",9713.4681201,69,2
"1584",9718.4681201,71,2
"1585",9727.4681201,72,2
"1586",9732.4681201,71,2
"1587",9733.4681201,71,2
"1588",9738.46809006,71,2
"1589",9743.4681201,71,2
"1590",9748.4681201,71,2
"1591",9753.4681201,71,2
"1592",9760.46809006,72,2
"1593",9763.4681201,71,2
"1594",9768.4681201,71,2
"1595",9773.46809006,71,2
"1596",9780.4681201,71,2
"1597",9783.46809006,75,2
"1598",9788.4681201,73,2
"1599",9794.4681201,74,2
"1600",9799.46809006,74,2
"1601",9804.4681201,75,2
"1602",9810.4681201,84,2
"1603",9814.4681201,83,2
"1604",9820.4681201,83,2
"1605",9827.46809006,72,2
"1606",9834.4681201,70,2
"1607",9837.4681201,71,2
"1608",9842.4681201,76,2
"1609",9851.4681201,77,2
"1610",9852.4681201,77,2
"1611",9859.4681201,71,2
"1612",9863.4681201,72,2
"1613",9867.4681201,71,2
"1614",9873.4681201,72,2
"1615",9881.4681201,72,2
"1616",9883.46809006,72,2
"1617",9891.4681201,72,2
"1618",9896.46809006,72,2
"1619",9898.46809006,72,2
"1620",9903.4681201,73,2
"1621",9909.4681201,73,2
"1622",9915.4681201,75,2
"1623",9920.4681201,77,2
"1624",9926.4681201,77,2
"1625",9931.4681201,87,2
"1626",9936.4681201,87,2
"1627",9941.4681201,87,2
"1628",9948.4681201,74,2
"1629",9951.4681201,75,2
"1630",9956.4681201,75,2
"1631",9964.4681201,73,1
"1632",9967.46809006,73,1
"1633",9972.4681201,73,1
"1634",9977.4681201,74,1
"1635",9982.4681201,77,1
"1636",9990.4681201,76,2
"1637",9994.4681201,76,2
"1638",9997.46809006,76,2
"1639",10002.4681201,76,2
"1640",10007.4681201,83,2
"1641",10013.4681201,70,2
"1642",10021.4681201,76,2
"1643",10022.4681201,77,2
"1644",10027.4681201,76,2
"1645",10032.4681201,75,2
"1646",10037.4681201,77,2
"1647",10042.4681201,78,2
"1648",10047.4681201,78,2
"1649",10052.4681201,89,1
"1650",10059.4681201,86,1
"1651",10063.4681201,86,1
"1652",10072.4681201,80,1
"1653",10074.4681201,85,1
"1654",10082.4681201,77,1
"1655",10084.4681201,77,1
"1656",10088.4681201,78,1
"1657",10096.4681201,73,1
"1658",10098.4680901,73,1
"1659",10103.4681201,77,1
"1660",10108.4681201,76,1
"1661",10118.4681201,82,1
"1662",10120.4681201,82,1
"1663",10125.4681201,82,1
"1664",10131.4681201,75,1
"1665",10136.4681201,74,1
"1666",10141.4681201,74,2
"1667",10146.4681201,74,2
"1668",10154.4681201,74,2
"1669",10156.4681201,73,2
"1670",10161.4681201,72,2
"1671",10166.4680901,73,2
"1672",10171.4681201,75,1
"1673",10177.4681201,75,1
"1674",10184.4681201,75,1
"1675",10187.4681201,77,1
"1676",10192.4681201,77,1
"1677",10197.4681201,78,1
"1678",10202.4681201,79,1
"1679",10207.4681201,79,1
"1680",10212.4681201,79,1
"1681",10218.4681201,73,1
"1682",10223.4681201,76,1
"1683",10228.4681201,74,1
"1684",10233.4681201,75,5
"1685",10238.4681201,80,5
"1686",10244.4681201,80,5
"1687",10249.4681201,79,5
"1688",10254.4681201,79,5
"1689",10260.4680901,80,5
"1690",10265.4681201,79,5
"1691",10270.4681201,80,5
"1692",10280.4681201,85,5
"1693",10281.4681201,84,5
"1694",10287.4681201,83,5
"1695",10292.4680901,82,5
"1696",10297.4681201,83,5
"1697",10307.4681201,77,5
"1698",10308.4681201,78,5
"1699",10313.4681201,79,5
"1700",10318.4681201,80,5
"1701",10323.4681201,82,5
"1702",10329.4681201,81,5
"1703",10335.4680901,82,5
"1704",10340.4680901,79,5
"1705",10345.4680901,78,5
"1706",10350.4681201,77,5
"1707",10355.4680901,77,5
"1708",10360.4681201,81,5
"1709",10366.4680901,81,5
"1710",10371.4681201,81,5
"1711",10379.4681201,81,5
"1712",10381.4680901,86,5
"1713",10386.4681201,86,5
"1714",10394.4681201,80,5
"1715",10396.4681201,81,5
"1716",10401.4680901,79,5
"1717",10406.4680901,78,5
"1718",10411.4681201,80,5
"1719",10416.4681201,79,5
"1720",10421.4681201,79,5
"1721",10427.4681201,79,5
"1722",10432.4681201,79,5
"1723",10442.4681201,84,5
"1724",10447.4681201,83,5
"1725",10448.4681201,83,5
"1726",10453.4681201,82,5
"1727",10462.4681201,90,5
"1728",10464.4681201,88,5
"1729",10468.4681201,86,5
"1730",10473.4681201,84,5
"1731",10480.4681201,75,5
"1732",10483.4681201,74,5
"1733",10488.4680901,74,5
"1734",10493.4680901,72,5
"1735",10498.4681201,72,5
"1736",10504.4681201,74,5
"1737",10509.4681201,76,5
"1738",10514.4680901,75,5
"1739",10519.4681201,77,5
"1740",10524.4681201,78,5
"1741",10529.4681201,79,5
"1742",10534.4681201,79,5
"1743",10539.4681201,79,5
"1744",10544.4681201,79,5
"1745",10549.4681201,82,5
"1746",10555.4681201,81,5
"1747",10560.4681201,81,5
"1748",10565.4681201,82,5
"1749",10570.4681201,81,5
"1750",10575.4681201,77,5
"1751",10580.4681201,77,5
"1752",10585.4681201,80,5
"1753",10590.4681201,80,5
"1754",10597.4681201,79,5
"1755",10604.4681201,82,5
"1756",10606.4681201,84,5
"1757",10611.4681201,82,5
"1758",10619.4681201,81,5
"1759",10622.4681201,80,5
"1760",10627.4681201,75,5
"1761",10632.4681201,78,5
"1762",10637.4681201,77,5
"1763",10642.4681201,76,5
"1764",10647.4681201,76,5
"1765",10653.4680901,78,5
"1766",10658.4681201,81,5
"1767",10663.4681201,81,5
"1768",10669.4681201,80,5
"1769",10674.4681201,80,5
"1770",10680.4681201,77,5
"1771",10685.4681201,77,5
"1772",10690.4680901,77,5
"1773",10695.4680901,77,5
"1774",10700.4681201,77,5
"1775",10707.4681201,80,5
"1776",10710.4681201,80,5
"1777",10715.4680901,80,5
"1778",10720.4681201,77,5
"1779",10730.4681201,80,5
"1780",10731.4681201,78,5
"1781",10736.4681201,78,5
"1782",10741.4681201,82,5
"1783",10746.4681201,82,5
"1784",10751.4681201,83,5
"1785",10756.4681201,80,5
"1786",10762.4680901,79,5
"1787",10770.4681201,76,5
"1788",10776.4681201,75,5
"1789",10780.4681201,72,5
"1790",10783.4681201,74,5
"1791",10789.4681201,78,5
"1792",10794.4681201,79,5
"1793",10799.4681201,79,5
"1794",10804.4680901,79,5
"1795",10809.4681201,77,5
"1796",10814.4681201,73,5
"1797",10819.4680901,72,5
"1798",10824.4680901,72,5
"1799",10829.4681201,73,5
"1800",10834.4681201,73,5
"1801",10839.4681201,74,5
"1802",10847.4681201,80,5
"1803",10849.4681201,78,5
"1804",10854.4681201,76,5
"1805",10859.4680901,80,5
"1806",10867.4681201,71,5
"1807",10870.4681201,71,5
"1808",10879.4681201,75,5
"1809",10882.4681201,75,5
"1810",10886.4681201,69,5
"1811",10890.4681201,70,5
"1812",10895.4681201,75,5
"1813",10900.4681201,74,5
"1814",10906.4681201,74,5
"1815",10910.4681201,70,5
"1816",10915.4681201,71,5
"1817",10920.4681201,71,5
"1818",10925.4681201,71,5
"1819",10930.4681201,73,5
"1820",10936.4681201,72,5
"1821",10941.4681201,76,5
"1822",10946.4681201,77,5
"1823",10951.4681201,75,5
"1824",10956.4681201,74,5
"1825",10962.4680901,75,5
"1826",10967.4681201,75,5
"1827",10972.4680901,78,5
"1828",10979.4681201,78,5
"1829",10982.4681201,80,5
"1830",10988.4681201,75,5
"1831",10993.4681201,75,5
"1832",10999.4681201,73,5
"1833",11004.4680901,73,5
"1834",11009.4680901,74,5
"1835",11014.4681201,74,5
"1836",11019.4680901,72,5
"1837",11024.4681201,73,5
"1838",11033.4680901,76,5
"1839",11035.4680901,72,5
"1840",11040.4681201,71,5
"1841",11045.4680901,79,5
"1842",11050.4681201,73,5
"1843",11055.4681201,75,5
"1844",11061.4681201,75,5
"1845",11066.4681201,73,5
"1846",11071.4681201,72,5
"1847",11076.4680901,72,5
"1848",11085.4681201,76,5
"1849",11087.4681201,76,5
"1850",11091.4680901,72,5
"1851",11096.4681201,73,5
"1852",11101.4680901,74,5
"1853",11106.4681201,75,5
"1854",11111.4681201,77,5
"1855",11116.4681201,77,5
"1856",11121.4681201,76,5
"1857",11129.4681201,76,5
"1858",11136.4681201,77,5
"1859",11137.4681201,77,5
"1860",11142.4681201,75,5
"1861",11150.4681201,68,5
"1862",11155.4680901,71,5
"1863",11157.4681201,74,5
"1864",11163.4681201,75,5
"1865",11173.4681201,71,5
"1866",11174.4681201,72,5
"1867",11180.4680901,72,5
"1868",11185.4681201,75,5
"1869",11191.4680901,76,5
"1870",11196.4680901,77,5
"1871",11203.4681201,76,5
"1872",11206.4681201,72,5
"1873",11211.4681201,71,5
"1874",11216.4681201,72,5
"1875",11224.4681201,72,5
"1876",11229.4681201,76,5
"1877",11233.4681201,74,5
"1878",11237.4680901,70,5
"1879",11242.4681201,71,5
"1880",11247.4681201,71,5
"1881",11252.4681201,69,5
"1882",11262.4681201,72,5
"1883",11263.4680901,74,5
"1884",11268.4681201,75,5
"1885",11273.4681201,74,5
"1886",11279.4680901,74,5
"1887",11287.4680901,79,5
"1888",11289.4681201,80,5
"1889",11298.4681201,82,5
"1890",11302.4681201,82,5
"1891",11304.4681201,81,5
"1892",11311.4681201,70,5
"1893",11314.4681201,71,5
"1894",11319.4681201,70,5
"1895",11324.4681201,70,5
"1896",11329.4681201,77,5
"1897",11335.4681201,77,5
"1898",11341.4681201,71,5
"1899",11346.4681201,71,5
"1900",11351.4681201,71,5
"1901",11356.4681201,70,5
"1902",11362.4681201,73,5
"1903",11367.4681201,74,5
"1904",11375.4681201,77,5
"1905",11376.4680901,78,5
"1906",11381.4681201,76,5
"1907",11386.4681201,74,5
"1908",11394.4681201,74,5
"1909",11396.4680901,73,5
"1910",11404.4681201,73,5
"1911",11406.4681201,73,5
"1912",11412.4680901,67,5
"1913",11419.4681201,77,5
"1914",11422.4681201,75,5
"1915",11427.4681201,74,5
"1916",11433.4681201,77,5
"1917",11439.4681201,75,5
"1918",11444.4681201,73,5
"1919",11449.4681201,73,5
"1920",11454.4680901,72,5
"1921",11459.4680901,72,5
"1922",11464.4681201,72,5
"1923",11472.4681201,72,5
"1924",11474.4681201,71,5
"1925",11480.4680901,73,5
"1926",11488.4680901,73,5
"1927",11490.4681201,77,5
"1928",11495.4681201,77,5
"1929",11500.4681201,77,5
"1930",11505.4681201,76,5
"1931",11510.4681201,76,5
"1932",11517.4681201,78,5
"1933",11520.4681201,78,5
"1934",11526.4680901,77,5
"1935",11534.4681201,76,5
"1936",11536.4681201,76,5
"1937",11544.4681201,77,5
"1938",11549.4681201,79,5
"1939",11555.4681201,74,5
"1940",11556.4681201,74,5
"1941",11561.4680901,75,5
"1942",11566.4680901,84,5
"1943",11573.4681201,68,5
"1944",11576.4681201,68,5
"1945",11586.4681201,68,5
"1946",11589.4680901,70,5
"1947",11592.4681201,71,5
"1948",11597.4680901,71,5
"1949",11602.4680901,70,5
"1950",11607.4681201,71,5
"1951",11616.4681201,73,5
"1952",11620.4681201,75,5
"1953",11622.4681201,73,5
"1954",11630.4681201,74,5
"1955",11633.4680901,75,5
"1956",11638.4680901,74,5
"1957",11647.4681201,72,5
"1958",11649.4681201,70,5
"1959",11653.4681201,69,5
"1960",11658.4681201,69,5
"1961",11667.4680901,68,5
"1962",11669.4680901,70,5
"1963",11674.4681201,70,5
"1964",11679.4681201,69,5
"1965",11684.4681201,69,5
"1966",11689.4681201,72,5
"1967",11694.4681201,74,5
"1968",11699.4681201,73,5
"1969",11708.4681201,75,5
"1970",11709.4681201,75,5
"1971",11718.4680901,76,5
"1972",11720.4681201,77,5
"1973",11725.4681201,77,5
"1974",11734.4681201,77,5
"1975",11737.4680901,77,5
"1976",11740.4681201,69,5
"1977",11746.4680901,75,5
"1978",11754.4681201,70,5
"1979",11756.4680901,70,5
"1980",11761.4681201,71,5
"1981",11766.4681201,69,5
"1982",11771.4681201,70,5
"1983",11776.4680901,70,5
"1984",11781.4681201,70,5
"1985",11786.4681201,68,5
"1986",11791.4681201,70,5
"1987",11796.4680901,73,5
"1988",11801.4681201,74,5
"1989",11810.4681201,76,5
"1990",11812.4681201,75,5
"1991",11817.4680901,75,5
"1992",11822.4681201,76,5
"1993",11828.4681201,73,5
"1994",11832.4681201,71,5
"1995",11841.4681201,68,5
"1996",11843.4681201,68,5
"1997",11847.4681201,68,5
"1998",11852.4681201,68,5
"1999",11857.4681201,68,5
"2000",11862.4681201,69,5
"2001",11867.4681201,71,5
"2002",11872.4681201,70,5
"2003",11877.4681201,71,5
"2004",11912.4681201,72,1
"2005",11914.4681201,70,1
"2006",11918.4681201,67,1
"2007",11923.4681201,67,1
"2008",11928.4681201,68,1
"2009",11937.4681201,80,1
"2010",11941.4681201,77,1
"2011",11943.4681201,76,1
"2012",11949.4681201,71,1
"2013",11954.4681201,71,1
"2014",11960.4680901,72,1
"2015",11965.4681201,70,1
"2016",11970.4681201,68,2
"2017",11976.4680901,68,2
"2018",11981.4681201,68,2
"2019",11986.4681201,67,2
"2020",11991.4681201,66,2
"2021",12001.4680901,67,2
"2022",12003.4681201,67,2
"2023",12008.4681201,68,2
"2024",12017.4681201,68,2
"2025",12022.4681201,67,2
"2026",12023.4681201,66,2
"2027",12028.4680901,67,2
"2028",12033.4681201,67,2
"2029",12038.4681201,67,2
"2030",12044.4681201,69,2
"2031",12049.4680901,69,2
"2032",12054.4681201,70,2
"2033",12060.4681201,70,2
"2034",12064.4681201,69,2
"2035",12069.4681201,68,2
"2036",12074.4681201,68,2
"2037",12079.4681201,68,2
"2038",12084.4680901,68,2
"2039",12089.4680901,68,2
"2040",12094.4680901,69,2
"2041",12099.4681201,70,2
"2042",12106.4681201,70,2
"2043",12109.4681201,69,2
"2044",12114.4681201,68,2
"2045",12122.4681201,68,2
"2046",12127.4681201,67,2
"2047",12129.4681201,66,2
"2048",12137.4681201,67,2
"2049",12139.4681201,67,2
"2050",12144.4681201,67,2
"2051",12151.4680901,67,2
"2052",12154.4680901,67,2
"2053",12159.4681201,67,2
"2054",12164.4681201,67,2
"2055",12169.4681201,68,2
"2056",12174.4681201,68,2
"2057",12179.4680901,67,2
"2058",12184.4681201,67,2
"2059",12189.4680901,67,2
"2060",12194.4681201,67,2
"2061",12199.4681201,67,2
"2062",12204.4680901,67,2
"2063",12213.4680901,68,2
"2064",12215.4681201,67,2
"2065",12220.4680901,67,2
"2066",12225.4681201,68,2
"2067",12232.4681201,68,2
"2068",12235.4681201,68,2
"2069",12240.4681201,68,2
"2070",12246.4681201,68,2
"2071",12251.4681201,68,2
"2072",12257.4681201,67,2
"2073",12262.4680901,67,2
"2074",12269.4681201,67,2
"2075",12363.4681201,79,1
"2076",12369.4681201,68,1
"2077",12374.4681201,65,1
"2078",12378.4681201,67,1
"2079",12383.4680901,63,1
"2080",12388.4680901,64,1
"2081",12393.4681201,64,2
"2082",12402.4681201,64,2
"2083",12406.4680901,66,2
"2084",12408.4681201,66,2
"2085",12413.4681201,65,2
"2086",12418.4681201,65,2
"2087",12423.4681201,65,2
"2088",12428.4681201,65,2
"2089",12433.4681201,66,2
"2090",12440.4680901,66,2
"2091",12443.4681201,66,2
"2092",12448.4681201,66,2
"2093",12454.4680901,66,2
"2094",12458.4681201,66,2
"2095",12463.4681201,66,2
"2096",12471.4681201,66,2
"2097",12474.4681201,66,2
"2098",12479.4680901,66,2
"2099",12484.4681201,68,2
"2100",12490.4681201,68,2
"2101",12495.4681201,66,2
"2102",12500.4681201,66,2
"2103",12505.4681201,67,2
"2104",12510.4681201,67,2
"2105",12515.4681201,67,2
"2106",12521.4681201,68,2
"2107",12525.4681201,73,2
"2108",12530.4681201,73,2
"2109",12535.4681201,71,2
"2110",12540.4680901,70,2
"2111",12545.4681201,69,2
"2112",12550.4680901,69,2
"2113",12557.4681201,65,2
"2114",12560.4681201,66,2
"2115",12565.4680901,68,2
"2116",12570.4681201,71,2
"2117",12576.4681201,71,2
"2118",12581.4681201,69,2
"2119",12586.4681201,68,2
"2120",12592.4681201,69,2
"2121",12597.4681201,69,2
"2122",12603.4681201,68,2
"2123",12608.4680901,69,2
"2124",12613.4693799,70,2
"2125",12618.4693799,71,2
"2126",12623.4693799,70,2
"2127",12628.4693799,70,2
"2128",12633.4693799,69,2
"2129",12638.4693799,70,2
"2130",12644.4693799,66,2
"2131",12649.4693799,69,2
"2132",12654.4693799,72,2
"2133",12660.4693799,71,2
"2134",12665.4693799,71,2
"2135",12670.4693799,71,2
"2136",12676.4693501,70,2
"2137",12681.4693799,71,2
"2138",12686.4693799,71,2
"2139",12694.4693799,71,2
"2140",12696.4693799,70,2
"2141",12701.4693799,70,2
"2142",12706.4693799,70,2
"2143",12711.4693501,71,2
"2144",12720.4693799,72,2
"2145",12721.4693799,72,2
"2146",12730.4693501,73,2
"2147",12732.4693501,73,2
"2148",12737.4693799,72,2
"2149",12742.4693501,71,2
"2150",12747.4693799,70,2
"2151",12752.4693501,70,1
"2152",12758.4693501,68,1
"2153",12762.4693501,68,1
"2154",12767.4693799,68,1
"2155",12772.4693501,70,1
"2156",12778.4693799,71,1
"2157",12782.4693799,72,2
"2158",12791.4693799,68,2
"2159",12792.4693799,68,2
"2160",12797.4693799,67,2
"2161",12802.4693799,68,2
"2162",12807.4693501,68,2
"2163",12812.4693799,68,2
"2164",12817.4693799,69,2
"2165",12822.4693799,69,2
"2166",12827.4693799,68,2
"2167",12832.4693799,68,2
"2168",12837.4693799,68,2
"2169",12842.4693799,69,2
"2170",12847.4693799,69,2
"2171",12852.4693799,70,2
"2172",12857.4693501,71,2
"2173",12862.4693799,71,2
"2174",12867.4693799,72,2
"2175",12872.4693799,71,2
"2176",12878.4693799,70,2
"2177",12884.4693799,69,2
"2178",12889.4693799,69,2
"2179",12895.4693799,69,2
"2180",12900.4693799,70,2
"2181",12905.4693501,71,2
"2182",12910.4693799,71,2
"2183",12915.4693501,71,2
"2184",12920.4693799,71,2
"2185",12925.4693799,70,2
"2186",12930.4693799,69,2
"2187",12935.4693799,68,2
"2188",12940.4693799,68,2
"2189",12945.4693799,69,2
"2190",12952.4693799,70,2
"2191",12956.4693799,70,2
"2192",12961.4693501,70,2
"2193",12966.4693799,70,2
"2194",12974.4693799,70,2
"2195",12976.4693799,70,2
"2196",12982.4693799,70,2
"2197",12987.4693799,70,2
"2198",12995.4693799,70,2
"2199",12997.4693799,70,2
"2200",13003.4693799,71,2
"2201",13008.4693799,71,2
"2202",13014.4693799,67,2
"2203",13019.4693799,68,2
"2204",13023.4693799,68,2
"2205",13028.4693799,68,2
"2206",13034.4693799,70,2
"2207",13040.4693799,71,2
"2208",13045.4693799,70,2
"2209",13053.4693799,71,2
"2210",13055.4693799,70,2
"2211",13060.4693799,69,2
"2212",13065.4693501,68,2
"2213",13070.4693799,69,2
"2214",13075.4693799,70,2
"2215",13082.4693799,71,2
"2216",13085.4693799,71,2
"2217",13090.4693501,69,2
"2218",13095.4693799,70,2
"2219",13104.4693799,72,2
"2220",13105.4693799,73,2
"2221",13110.4693799,73,2
"2222",13115.4693799,73,2
"2223",13121.4693799,72,2
"2224",13130.4693799,72,2
"2225",13131.4693501,72,2
"2226",13136.4693501,71,2
"2227",13143.4693501,70,2
"2228",13146.4693799,70,2
"2229",13151.4693799,71,2
"2230",13156.4693799,71,2
"2231",13162.4693799,74,2
"2232",13167.4693799,73,2
"2233",13172.4693799,69,2
"2234",13177.4693799,71,2
"2235",13182.4693799,71,2
"2236",13187.4693799,73,2
"2237",13193.4693799,70,2
"2238",13197.4693799,70,2
"2239",13202.4693799,71,2
"2240",13207.4693799,71,2
"2241",13212.4693799,71,2
"2242",13217.4693501,70,2
"2243",13222.4693501,71,2
"2244",13231.4693799,68,2
"2245",13232.4693799,68,2
"2246",13237.4693799,70,2
"2247",13242.4693799,75,2
"2248",13248.4693799,75,2
"2249",13253.4693799,73,2
"2250",13258.4693799,73,2
"2251",13267.4693799,71,2
"2252",13268.4693799,71,2
"2253",13274.4693799,72,2
"2254",13279.4693799,72,2
"2255",13284.4693501,73,2
"2256",13289.4693501,73,2
"2257",13294.4693799,75,2
"2258",13300.4693799,74,2
"2259",13305.4693799,74,2
"2260",13310.4693799,77,2
"2261",13315.4693799,77,2
"2262",13322.4693799,77,2
"2263",13325.4693799,74,2
"2264",13330.4693799,73,2
"2265",13335.4693799,73,2
"2266",13340.4693799,73,2
"2267",13345.4693799,73,2
"2268",13352.4693799,74,2
"2269",13355.4693799,71,2
"2270",13360.4693799,69,2
"2271",13365.4693799,71,2
"2272",13373.4693799,72,2
"2273",13375.4693799,71,2
"2274",13380.4693799,72,2
"2275",13386.4693799,74,2
"2276",13391.4693799,74,2
"2277",13397.4693799,75,2
"2278",13402.4693799,74,2
"2279",13408.4693799,75,2
"2280",13413.4693799,74,2
"2281",13422.4693501,74,2
"2282",13424.4693799,73,2
"2283",13429.4693799,71,2
"2284",13434.4693501,72,2
"2285",13439.4693799,72,2
"2286",13444.4693799,72,2
"2287",13449.4693799,73,2
"2288",13454.4693799,72,2
"2289",13459.4693799,73,2
"2290",13465.4693799,76,2
"2291",13470.4693799,75,2
"2292",13475.4693799,74,2
"2293",13480.4693799,75,2
"2294",13486.4693799,75,2
"2295",13493.4693501,75,2
"2296",13496.4693501,75,2
"2297",13501.4693799,71,2
"2298",13506.4693799,73,2
"2299",13511.4693799,73,2
"2300",13516.4693799,75,2
"2301",13521.4693799,74,2
"2302",13526.4693799,75,2
"2303",13534.4693799,76,2
"2304",13536.4693799,78,2
"2305",13545.4693799,77,2
"2306",13550.4693799,74,2
"2307",13551.4693501,73,2
"2308",13556.4693799,72,2
"2309",13561.4693799,72,2
"2310",13566.4693799,72,2
"2311",13571.4693799,73,2
"2312",13576.4693799,75,2
"2313",13582.4693799,75,2
"2314",13587.4693799,75,2
"2315",13592.4693799,74,2
"2316",13597.4693501,74,2
"2317",13602.4693799,74,2
"2318",13608.4693799,74,2
"2319",13613.4693799,74,2
"2320",13619.4693501,74,2
"2321",13624.4693799,74,2
"2322",13632.4693799,74,2
"2323",13634.4693799,74,2
"2324",13639.4693501,74,2
"2325",13644.4693799,75,2
"2326",13649.4693799,75,2
"2327",13654.4693501,75,2
"2328",13659.4693501,75,2
"2329",13664.4693799,75,2
"2330",13669.4693799,75,2
"2331",13674.4693799,76,2
"2332",13679.4693799,76,2
"2333",13684.4693799,76,2
"2334",13689.4693799,75,2
"2335",13694.4693799,75,2
"2336",13699.4693799,76,2
"2337",13706.4693501,76,2
"2338",13709.4693799,76,2
"2339",13714.4693799,75,2
"2340",13719.4693799,74,2
"2341",13725.4693799,74,2
"2342",13731.4693501,77,2
"2343",13736.4693799,77,2
"2344",13741.4693799,76,2
"2345",13747.4693799,75,2
"2346",13753.4693799,75,2
"2347",13758.4693799,75,2
"2348",13763.4693799,77,2
"2349",13770.4693799,77,3
"2350",13773.4693799,77,3
"2351",13778.4693799,75,3
"2352",13783.4693799,75,3
"2353",13788.4693799,75,3
"2354",13793.4693799,76,3
"2355",13798.4693799,76,3
"2356",13803.4693799,77,3
"2357",13808.4693799,76,3
"2358",13813.4693799,76,3
"2359",13818.4693501,77,3
"2360",13823.4693799,77,3
"2361",13828.4693799,77,3
"2362",13833.4693799,77,3
"2363",13838.4693799,77,3
"2364",13843.4693799,77,3
"2365",13848.4693799,77,3
"2366",13853.4693799,77,3
"2367",13858.4693799,77,3
"2368",13864.4693501,77,3
"2369",13869.4693799,77,3
"2370",13874.4693799,78,3
"2371",13879.4693799,78,3
"2372",13884.4693799,78,3
"2373",13889.4693799,78,3
"2374",13895.4693799,77,3
"2375",13900.4693799,74,3
"2376",13905.4693799,76,3
"2377",13910.4693799,74,3
"2378",13915.4693501,75,3
"2379",13920.4693799,74,3
"2380",13925.4693799,75,3
"2381",13930.4693799,76,3
"2382",13935.4693799,75,3
"2383",13940.4693799,76,3
"2384",13945.4693501,76,3
"2385",13950.4693799,76,3
"2386",13956.4693799,77,3
"2387",13962.4693799,77,3
"2388",13967.4693799,77,3
"2389",13973.4693799,76,3
"2390",13978.4693501,77,3
"2391",13984.4693501,77,3
"2392",13988.4693799,79,3
"2393",13993.4693799,78,3
"2394",13998.4693501,78,3
"2395",14003.4693799,77,3
"2396",14009.4693799,75,3
"2397",14013.4693799,75,3
"2398",14019.4693799,77,3
"2399",14024.4693799,77,3
"2400",14030.4693799,77,3
"2401",14035.4693799,77,3
"2402",14040.4693799,78,3
"2403",14045.4693799,77,3
"2404",14051.4693799,77,3
"2405",14056.4693799,75,3
"2406",14061.4693799,76,3
"2407",14070.4693799,76,3
"2408",14071.4693501,77,3
"2409",14076.4693799,77,3
"2410",14081.4693799,77,3
"2411",14086.4693799,77,3
"2412",14092.4693799,77,3
"2413",14097.4693799,77,3
"2414",14102.4693799,77,3
"2415",14107.4693799,78,3
"2416",14112.4693799,77,3
"2417",14117.4693799,77,3
"2418",14122.4693799,78,3
"2419",14127.4693799,79,3
"2420",14134.4693799,78,3
"2421",14137.4693799,77,3
"2422",14142.4693799,80,3
"2423",14147.4693799,77,3
"2424",14152.4693799,76,3
"2425",14158.4693799,77,3
"2426",14163.4693799,77,3
"2427",14168.4693799,77,3
"2428",14174.4693799,77,3
"2429",14179.4693799,77,3
"2430",14184.4693799,78,3
"2431",14189.4693799,78,3
"2432",14252.4693799,101,1
"2433",14259.4693799,98,1
"2434",14260.4693799,98,1
"2435",14265.4693799,97,1
"2436",14270.4693799,90,1
"2437",14275.4693799,88,1
"2438",14283.4693799,78,1
"2439",14285.4693799,77,1
"2440",14290.4693799,76,1
"2441",14295.4693799,77,1
"2442",14300.4693799,76,1
"2443",14305.4693501,76,1
"2444",14310.4693799,76,2
"2445",14315.4693799,75,2
"2446",14323.4693799,71,2
"2447",14326.4693799,72,2
"2448",14332.4693501,71,2
"2449",14341.4693799,71,2
"2450",14343.4693799,71,2
"2451",14347.4693501,71,2
"2452",14352.4693799,76,2
"2453",14357.4693799,72,2
"2454",14362.4693799,72,2
"2455",14368.4693501,72,2
"2456",14374.4693501,73,2
"2457",14378.4693501,73,2
"2458",14386.4693501,74,2
"2459",14389.4693799,74,2
"2460",14394.4693501,74,2
"2461",14399.4693799,71,2
"2462",14404.4693799,70,2
"2463",14409.4693799,73,2
"2464",14414.4693799,72,2
"2465",14419.4693501,73,2
"2466",14424.4693501,77,2
"2467",14431.4693501,77,2
"2468",14434.4693799,77,2
"2469",14439.4693799,76,2
"2470",14444.4693799,76,2
"2471",14449.4693799,77,2
"2472",14454.4693799,77,2
"2473",14459.4693799,77,2
"2474",14464.4693799,77,2
"2475",14469.4693799,77,2
"2476",14474.4693799,76,2
"2477",14479.4693799,79,2
"2478",14484.4693501,80,2
"2479",14493.4693799,75,2
"2480",14494.4693799,75,2
"2481",14499.4693799,74,2
"2482",14504.4693501,74,2
"2483",14509.4693799,74,2
"2484",14514.4693501,74,2
"2485",14519.4693799,76,2
"2486",14524.4693799,75,2
"2487",14529.4693799,75,2
"2488",14534.4693799,77,2
"2489",14540.4693799,76,2
"2490",14545.4693799,76,2
"2491",14553.4693799,77,2
"2492",14555.4693799,77,2
"2493",14560.4693799,74,2
"2494",14565.4693799,74,2
"2495",14570.4693799,74,2
"2496",14575.4693799,74,2
"2497",14580.4693501,74,2
"2498",14585.4693799,77,2
"2499",14590.4693799,77,2
"2500",14595.4693799,77,2
"2501",14603.4693799,77,2
"2502",14605.4693799,77,2
"2503",14610.4693799,74,2
"2504",14615.4693799,76,2
"2505",14620.4693501,76,2
"2506",14625.4693799,77,2
"2507",14630.4693799,77,2
"2508",14639.4693799,77,2
"2509",14640.4693799,77,2
"2510",14645.4693799,76,2
"2511",14650.4693799,77,2
"2512",14655.4693799,77,2
"2513",14660.4693799,77,2
"2514",14666.4693799,77,2
"2515",14671.4693799,77,2
"2516",14676.4693799,77,2
"2517",14681.4693799,77,2
"2518",14687.4693799,77,2
"2519",14692.4693799,75,2
"2520",14697.4693799,76,2
"2521",14702.4693799,77,2
"2522",14707.4693799,77,2
"2523",14712.4693799,77,2
"2524",14717.4693799,77,2
"2525",14722.4693799,77,2
"2526",14728.4693799,77,2
"2527",14732.4693799,76,2
"2528",14738.4693799,75,2
"2529",14744.4693799,75,2
"2530",14749.4693799,76,2
"2531",14754.4693799,76,2
"2532",14759.4693501,78,2
"2533",14764.4693799,78,2
"2534",14769.4693799,77,2
"2535",14777.4693799,78,2
"2536",14779.4693799,79,2
"2537",14785.4693799,75,2
"2538",14791.4693799,75,2
"2539",14796.4693501,76,2
"2540",14801.4693799,78,2
"2541",14807.4693799,78,2
"2542",14812.4693799,78,2
"2543",14818.4693501,78,2
"2544",14822.4693799,77,2
"2545",14828.4693799,77,2
"2546",14832.4693799,77,2
"2547",14837.4693799,77,2
"2548",14847.4693799,77,2
"2549",14848.4693799,77,2
"2550",14853.4693799,77,2
"2551",14858.4693799,77,2
"2552",14863.4693799,77,2
"2553",14869.4693799,77,2
"2554",14874.4693799,77,2
"2555",14879.4693799,77,2
"2556",14885.4693799,77,2
"2557",14892.4693799,79,2
"2558",14895.4693799,78,2
"2559",14900.4693799,77,2
"2560",14905.4693799,77,2
"2561",14910.4693799,77,2
"2562",14915.4693799,77,2
"2563",14920.4693799,77,2
"2564",14925.4693799,77,2
"2565",14934.4693501,77,2
"2566",14936.4693799,77,2
"2567",14941.4693799,77,2
"2568",14946.4693799,77,2
"2569",14951.4693799,77,2
"2570",14956.4693799,76,2
"2571",14961.4693799,75,2
"2572",14966.4693799,76,2
"2573",14971.4693799,77,2
"2574",14976.4693799,77,2
"2575",14981.4693799,77,2
"2576",14986.4693501,77,2
"2577",14991.4693501,78,2
"2578",14996.4693799,78,2
"2579",15002.4693501,78,2
"2580",15006.4693799,78,2
"2581",15012.4693799,77,2
"2582",15017.4693799,77,2
"2583",15022.4693799,77,2
"2584",15027.4693799,77,2
"2585",15032.4693799,77,2
"2586",15037.4693799,77,2
"2587",15042.4693799,77,2
"2588",15047.4693501,79,2
"2589",15052.4693799,79,2
"2590",15057.4693799,78,2
"2591",15062.4693799,77,2
"2592",15067.4693799,76,2
"2593",15073.4693799,76,2
"2594",15078.4693799,77,2
"2595",15083.4693799,77,2
"2596",15088.4693799,77,2
"2597",15093.4693799,77,2
"2598",15098.4693799,78,2
"2599",15103.4693501,79,2
"2600",15108.4693501,79,2
"2601",15113.4693799,79,2
"2602",15118.4693799,78,2
"2603",15123.4693799,79,2
"2604",15128.4693501,79,2
"2605",15135.4693799,79,2
"2606",15138.4693501,77,2
"2607",15143.4693799,77,2
"2608",15149.4693799,77,2
"2609",15210.4693799,102,1
"2610",15215.4693799,102,1
"2611",15222.4693501,78,1
"2612",15228.4693799,78,1
"2613",15233.4693799,73,1
"2614",15235.4693799,72,1
"2615",15241.4693799,70,1
"2616",15246.4693501,71,1
"2617",15251.4693799,70,1
"2618",15256.4693799,71,1
"2619",15261.4693501,72,1
"2620",15267.4693799,72,1
"2621",15274.4693799,72,2
"2622",15276.4693799,72,2
"2623",15285.4693501,75,2
"2624",15287.4693799,80,2
"2625",15291.4693501,81,2
"2626",15296.4693799,76,2
"2627",15301.4693799,72,2
"2628",15306.4693799,74,2
"2629",15311.4693799,74,2
"2630",15316.4693799,74,2
"2631",15321.4693799,74,2
"2632",15326.4693799,73,2
"2633",15331.4693799,73,2
"2634",15336.4693799,73,2
"2635",15343.4693799,74,2
"2636",15347.4693501,73,2
"2637",15354.4693501,72,2
"2638",15356.4693799,72,2
"2639",15361.4693501,71,1
"2640",15366.4693799,71,1
"2641",15372.4693799,71,1
"2642",15377.4693799,73,1
"2643",15382.4693799,73,1
"2644",15388.4693799,74,1
"2645",15393.4693799,74,2
"2646",15402.4693799,75,2
"2647",15403.4693501,75,2
"2648",15408.4693799,78,2
"2649",15413.4693799,73,2
"2650",15418.4693501,73,2
"2651",15423.4693799,73,2
"2652",15428.4693501,73,2
"2653",15437.4693799,76,2
"2654",15440.4693799,79,2
"2655",15443.4693799,78,2
"2656",15448.4693501,74,2
"2657",15453.4693799,73,2
"2658",15459.4693799,73,2
"2659",15464.4693799,73,2
"2660",15473.4693799,75,2
"2661",15474.4693799,76,2
"2662",15481.4693799,76,2
"2663",15486.4693799,76,2
"2664",15495.4693799,78,2
"2665",15499.4693799,78,2
"2666",15501.4693799,78,2
"2667",15510.4693501,79,2
"2668",15512.4693501,76,2
"2669",15517.4693799,77,2
"2670",15522.4693799,75,2
"2671",15527.4693799,75,2
"2672",15532.4693799,74,2
"2673",15538.4693501,75,2
"2674",15543.4693799,76,2
"2675",15548.4693501,77,2
"2676",15557.4693799,76,2
"2677",15559.4693799,74,2
"2678",15566.4693501,75,2
"2679",15568.4693799,76,2
"2680",15573.4693799,76,2
"2681",15579.4693799,80,2
"2682",15583.4693799,81,2
"2683",15589.4693799,78,2
"2684",15594.4693799,79,2
"2685",15599.4693799,78,2
"2686",15604.4693501,76,2
"2687",15609.4693799,75,2
"2688",15618.4693799,71,2
"2689",15619.4693799,71,2
"2690",15624.4693799,72,2
"2691",15629.4693799,74,2
"2692",15634.4693799,74,2
"2693",15640.4693799,76,2
"2694",15644.4693799,77,2
"2695",15649.4693501,78,2
"2696",15657.4693799,79,2
"2697",15659.4693501,80,2
"2698",15720.4693799,74,1
"2699",15729.4693799,76,1
"2700",15735.4693799,81,1
"2701",15736.4693799,81,1
"2702",15741.4693799,81,1
"2703",15746.4693799,83,1
"2704",15751.4693799,80,1
"2705",15756.4693799,80,1
"2706",15761.4693799,80,1
"2707",15771.4693501,80,1
"2708",15773.4693799,77,1
"2709",15781.4693799,79,1
"2710",15783.4693799,80,1
"2711",15794.4693501,70,1
"2712",15796.4693799,70,1
"2713",15800.4693799,70,1
"2714",15806.4693799,71,1
"2715",15841.4693799,78,1
"2716",15846.4693501,77,1
"2717",15851.4693799,77,1
"2718",15856.4693799,73,1
"2719",15865.4693799,75,1
"2720",15866.4693799,77,1
"2721",15871.4693799,77,1
"2722",15876.4693799,76,1
"2723",15885.4693501,73,1
"2724",15887.4693799,72,1
"2725",15894.4693501,77,1
"2726",15897.4693799,77,1
"2727",15902.4693799,76,1
"2728",15908.4693799,73,1
"2729",15912.4693501,77,1
"2730",15917.4693501,74,1
"2731",15922.4693799,73,1
"2732",15927.4693799,73,1
"2733",15932.4693501,72,1
"2734",15937.4693799,75,1
"2735",15942.4693501,77,1
"2736",15947.4693799,76,1
"2737",15952.4693799,77,1
"2738",15957.4693799,77,1
